[  {    "type": "post",    "url": "/test",    "title": "Request User information",    "name": "PostUser",    "group": "User",    "parameter": {      "fields": {        "Parameter": [          {            "group": "Parameter",            "type": "<p>Number</p> ",            "optional": false,            "field": "testName",            "description": "<p>test name.</p> "          }        ]      }    },    "success": {      "fields": {        "Success 200": [          {            "group": "Success 200",            "type": "<p>String</p> ",            "optional": false,            "field": "TestStatus",            "description": "<p>Status of the Test.</p> "          }        ]      }    },    "version": "0.0.0",    "filename": "../controllers/test_controller.js",    "groupTitle": "User"  }]